parameter,value
theta2_pop,10.47070689
hh2_pop,1.151987338
Km2_pop,4539816.58
omega_theta2,1.372394945
omega_hh2,0.610599066
corr_theta2_hh2,0.651872368